ingredient,category
echalion shallot,vegetable
courgette,vegetable
lime,fruit
coriander,spices
jasmine rice,sundries
chicken,meat
indonesian spice mix,spices
coconut milk,sundries
ketjap manis,sauce
red onion,vegetable
green beans,vegetable
tenderstem broccoli,vegetable
salted peanuts,sundries
pork mince,meat
egg noodle nest,sundries
bulgogi sauce,sauce
soy sauce,sauce
sirloin steak,meat
potatoes,vegetable
chicken stock,sundries
creme fraiche,dairy
wholegrain mustard,sundries
beef mince,meat
mexican style spice mix,spices
beef stock,sundries
sour cream,dairy
mature chedder cheese,dairy
brown lentils,sundries
sliced mushrooms,vegetable
worcester sauce,sauce
sun dried tomato paste,sundries
tomato passata,sundries
red wine stock paste,paste
dijon mustard,spices
kiwi,fruit
red chili,vegetable
spring onion,vegetable
lemon,fruit
king prawns,meat
teriyaki sauce,sauce
pak choi,vegetable
chili flakes,spices
garlic,spices
ginger,spices
sweet chili sauce,sauce
hoisin sauce,sauce
lamb mince,meat
mint,spices
harissa paste,paste
cermoula spice mix,spices
tomato puree,paste
greek style natural yoghurt,dairy
leek,vegetable
parsley,spices
veggetable stock paste,paste
risotto rice,sundries
cider vinegar,spices
aubergine,vegetable
halloumi,dairy
dried oregano,spices
pesto,spices
green pepper,vegetable
black beans,sundries
mexican spice mix,spices
plain tortilla,bakery
thai green curry paste,paste
baby spinach,vegetable
tofu,vegetable
corn flour,sundries
indonesian style spice mix,spices
closed cup mushrooms,vegetable
thai style spice blend,spices
ginger and lemongrass puree,paste
peanut butter,sundries
cauliflower,vegetable
chermula spice mix,spices
low fat natural yoghurt,dairy
flat leaf parsley,spices
panko breadcrumbs,sundries
baby plum tomatoes,vegetable
red wine vinegar,sundries
burger bun,bakery
carrot,vegetable
chinese five spice,spices
chili flakes,spices
butternut squash,vegetable
serrano ham,meat
linguine,sundries
broccoli,vegetable
hake fillet,meat
onion,vegetable
balsamic vinegar,spices
couscous,sundries
zhoug style paste,paste
chermoula spice mix,spices
bacon lardons,meat
peas,vegetable
parmigiano reggiano,spices
rocket,vegetable
balsamic glaze,spices
macaroni,sundries
streaky bacon,meat
honey,sundries
sugar snap peas,vegetable
black bean sauce,sauce
flaked almonds,sundries
basmati rice,sundries
sun-dried tomato paste,paste
provencial spices,spices
pasta,sundries
mozzarella,dairy
carrots,vegetable
celery,vegetable
chicken stock,spices
tomatoes,vegetable
dried aprocots,sundries
kasba spice,spices
milk,dairy
mushrooms,vegetable
parsnip,vegetable
scallions,vegetable
shallots,vegetable
sour cream,dairy
udon noodles,sundries
vegetable stock,spices
whole wheat bread,bakery
balsamic vinager,sundries
butter beans,sundries
chicken sausage meat,meat
italian seasoning,spices
natural yoghurt,dairy
orzo pasta,sundries
plain tortillas,bakery
spring greens,vegetable
sweet potato,vegetable
tomato paste,paste
cucumber,vegetable
beef stock,sundries
currant jam,sundries
dill,spices
fish,meat
flour,sundries
fry seasoning blend,spices
mayonnaise,sundries
meatloaf mix,spices
nutmeg,spices
white bread,bakery
white wine vinegar,sundries
chili pepper,vegetable
sesame seeds,spices
sirracha,spices
baguettes,bakery
beef strips,meat
bell peppers,vegetable
cheddar cheese,dairy
hot sauce,sauce
cardarmon pods,spices
mild curry powder,spices
turmeric,spices
kidney beans,sundries
mexican spice blend,spices
poblano peppers,vegetable
jalapeno,vegetable
monterey jack cheese,dairy
rice,sundries
southwest spice mix,spices
cornstarch,sundries
gochujang sauce,sauce
ponzu sauce,sauce
grape tomatoes,vegetable
mixed lettuce,vegetable
oregano,spices
sliced bacon,meat
avocado,vegetable
basil,spices
chicken demi-glace,sundries
cilantro,vegetable
cumin,spices
garlic powder,spices
ketchup,sauce
linguini,sundries
paprika,spices
parmesan,spices
pepper,vegetable
pork cutlets,meat
sesami oil,sundries
smoked paprika,spices
smoky mexican seasoning,spices
spinach,vegetable
thyme,spices
za'atar spice blend,spices
bbq seasoning,spices
turkey mince,meat
butter,dairy
cream cheese,dairy
tuscan spice mix,spices
marinara sauce,sundries
raisins,fruit
tunisian spice mix,spices
pepper corns,spices
sriracha,spices
smoked gouda,dairy
chili powder,spices
mexican cheese blend,dairy
flat bread wraps,bakery
beef steak,meat
guacamole,sundries
corn starch,sundries
sesame oil,sundries
kale,vegetable
italian cheese blend,dairy
fajita spice mix,spices
cheese tortelloni,sundries
spaghetti,sundries
pork sausage,meat
cornmeal,sundries
meatloaf spice mix,sundries
herbes de provence,spices